link,diff
https://www.codechef.com/practice/course/basic-programming-concepts/DIFF500/problems/CWC23QUALIF,203
https://www.codechef.com/practice/course/basic-programming-concepts/DIFF500/problems/LUCKYSEVEN,213
https://www.codechef.com/practice/course/basic-programming-concepts/DIFF500/problems/CLEARDAY,233
https://www.codechef.com/practice/course/basic-programming-concepts/DIFF500/problems/DOUBLERENT,234
https://www.codechef.com/practice/course/basic-programming-concepts/DIFF500/problems/TAXSAVING,252
https://www.codechef.com/practice/course/basic-programming-concepts/DIFF500/problems/TOP10,255
https://www.codechef.com/practice/course/basic-programming-concepts/DIFF500/problems/BIRYANI,257
https://www.codechef.com/practice/course/basic-programming-concepts/DIFF500/problems/LUDO,260
https://www.codechef.com/practice/course/basic-programming-concepts/DIFF500/problems/PRACLIST,264
https://www.codechef.com/practice/course/basic-programming-concepts/DIFF500/problems/DETSCORE,267
https://www.codechef.com/practice/course/basic-programming-concepts/DIFF500/problems/ERROR404,267
https://www.codechef.com/practice/course/basic-programming-concepts/DIFF500/problems/OFFBY1,271
https://www.codechef.com/practice/course/basic-programming-concepts/DIFF500/problems/DONDRIVE,272
https://www.codechef.com/practice/course/basic-programming-concepts/DIFF500/problems/KITCHENTIME,273
https://www.codechef.com/practice/course/basic-programming-concepts/DIFF500/problems/IPLTRSH,273
https://www.codechef.com/practice/course/basic-programming-concepts/DIFF500/problems/AUDIBLE,279
https://www.codechef.com/practice/course/basic-programming-concepts/DIFF500/problems/TIMELY,279
https://www.codechef.com/practice/course/basic-programming-concepts/DIFF500/problems/PUZHUNT,279
https://www.codechef.com/practice/course/basic-programming-concepts/DIFF500/problems/BNE_APT,280
https://www.codechef.com/practice/course/basic-programming-concepts/DIFF500/problems/TALLER,281
https://www.codechef.com/practice/course/basic-programming-concepts/DIFF500/problems/REACHTARGET,281
https://www.codechef.com/practice/course/basic-programming-concepts/DIFF500/problems/BESTOFTWO,284
https://www.codechef.com/practice/course/basic-programming-concepts/DIFF500/problems/RIP2000,284
https://www.codechef.com/practice/course/basic-programming-concepts/DIFF500/problems/MINHEIGHT,285
https://www.codechef.com/practice/course/basic-programming-concepts/DIFF500/problems/CANDIVIDE,289
https://www.codechef.com/practice/course/basic-programming-concepts/DIFF500/problems/CHEFONDATE,294
https://www.codechef.com/practice/course/basic-programming-concepts/DIFF500/problems/PAR2,295
https://www.codechef.com/practice/course/basic-programming-concepts/DIFF500/problems/PRIZEPOOL,296
https://www.codechef.com/practice/course/basic-programming-concepts/DIFF500/problems/CNTWRD,296
https://www.codechef.com/practice/course/basic-programming-concepts/DIFF500/problems/BTRYHLTH,296
https://www.codechef.com/practice/course/basic-programming-concepts/DIFF500/problems/JERRYCHASE,298
https://www.codechef.com/practice/course/basic-programming-concepts/DIFF500/problems/AGEING,299
https://www.codechef.com/practice/course/basic-programming-concepts/DIFF500/problems/RIGHTTHERE,299
https://www.codechef.com/practice/course/basic-programming-concepts/DIFF500/problems/SNDMAX,300
https://www.codechef.com/practice/course/basic-programming-concepts/DIFF500/problems/BULLBEAR,300
https://www.codechef.com/practice/course/basic-programming-concepts/DIFF500/problems/FOURTICKETS,302
https://www.codechef.com/practice/course/basic-programming-concepts/DIFF500/problems/CHAIRS_,305
https://www.codechef.com/practice/course/basic-programming-concepts/DIFF500/problems/DNATION,305
https://www.codechef.com/practice/course/basic-programming-concepts/DIFF500/problems/SUMM,308
https://www.codechef.com/practice/course/basic-programming-concepts/DIFF500/problems/SUBSCRIBE,315
https://www.codechef.com/practice/course/basic-programming-concepts/DIFF500/problems/MVR,316
https://www.codechef.com/practice/course/basic-programming-concepts/DIFF500/problems/WAITTIME,319
https://www.codechef.com/practice/course/basic-programming-concepts/DIFF500/problems/OCTATHON,319
https://www.codechef.com/practice/course/basic-programming-concepts/DIFF500/problems/ONEMORE,320
https://www.codechef.com/practice/course/basic-programming-concepts/DIFF500/problems/MANAPTS,327
https://www.codechef.com/practice/course/basic-programming-concepts/DIFF500/problems/RAINFALL1,328
https://www.codechef.com/practice/course/basic-programming-concepts/DIFF500/problems/AUCTION,330
https://www.codechef.com/practice/course/basic-programming-concepts/DIFF500/problems/FINE,335
https://www.codechef.com/practice/course/basic-programming-concepts/DIFF500/problems/CHESSTIME,337
https://www.codechef.com/practice/course/basic-programming-concepts/DIFF500/problems/FAIRPASS,342
https://www.codechef.com/practice/course/basic-programming-concepts/DIFF500/problems/READPAGES,343
https://www.codechef.com/practice/course/basic-programming-concepts/DIFF500/problems/COUGAME,347
https://www.codechef.com/practice/course/basic-programming-concepts/DIFF500/problems/AIRINDEX,347
https://www.codechef.com/practice/course/basic-programming-concepts/DIFF500/problems/FEVER,348
https://www.codechef.com/practice/course/basic-programming-concepts/DIFF500/problems/SLEEP,348
https://www.codechef.com/practice/course/basic-programming-concepts/DIFF500/problems/M1ENROL,349
https://www.codechef.com/practice/course/basic-programming-concepts/DIFF500/problems/SEMCOURSES,350
https://www.codechef.com/practice/course/basic-programming-concepts/DIFF500/problems/WATERREQ,351
https://www.codechef.com/practice/course/basic-programming-concepts/DIFF500/problems/LTIME,352
https://www.codechef.com/practice/course/basic-programming-concepts/DIFF500/problems/INVESTMENT,357
https://www.codechef.com/practice/course/basic-programming-concepts/DIFF500/problems/POPULATION,358
https://www.codechef.com/practice/course/basic-programming-concepts/DIFF500/problems/PARTY2,363
https://www.codechef.com/practice/course/basic-programming-concepts/DIFF500/problems/COMPLEXITY,364
https://www.codechef.com/practice/course/basic-programming-concepts/DIFF500/problems/INTRDSGN,373
https://www.codechef.com/practice/course/basic-programming-concepts/DIFF500/problems/CARTRIP,374
https://www.codechef.com/practice/course/basic-programming-concepts/DIFF500/problems/TABLETS,376
https://www.codechef.com/practice/course/basic-programming-concepts/DIFF500/problems/SIXFRIENDS,382
https://www.codechef.com/practice/course/basic-programming-concepts/DIFF500/problems/CWIREFRAME,383
https://www.codechef.com/practice/course/basic-programming-concepts/DIFF500/problems/MINCOINSREQ,390
https://www.codechef.com/practice/course/basic-programming-concepts/DIFF500/problems/KITCHENSPICE,390
https://www.codechef.com/practice/course/basic-programming-concepts/DIFF500/problems/CS2023_GIFT,390
https://www.codechef.com/practice/course/basic-programming-concepts/DIFF500/problems/REACH_HOME,395
https://www.codechef.com/practice/course/basic-programming-concepts/DIFF500/problems/DOREWARD,395
https://www.codechef.com/practice/course/basic-programming-concepts/DIFF500/problems/TFPAPER,398
https://www.codechef.com/practice/course/basic-programming-concepts/DIFF500/problems/CABS,399
https://www.codechef.com/practice/course/basic-programming-concepts/DIFF500/problems/DISCNT,401
https://www.codechef.com/practice/course/basic-programming-concepts/DIFF500/problems/HEIGHTRATION,405
https://www.codechef.com/practice/course/basic-programming-concepts/DIFF500/problems/INSTAGRAM,408
https://www.codechef.com/practice/course/basic-programming-concepts/DIFF500/problems/VOLCONTROL,409
https://www.codechef.com/practice/course/basic-programming-concepts/DIFF500/problems/HS08TEST,410
https://www.codechef.com/practice/course/basic-programming-concepts/DIFF500/problems/HOTCOLD,410
https://www.codechef.com/practice/course/basic-programming-concepts/DIFF500/problems/PROINC,414
https://www.codechef.com/practice/course/basic-programming-concepts/DIFF500/problems/FBC,419
https://www.codechef.com/practice/course/basic-programming-concepts/DIFF500/problems/PARLIAMENT,419
https://www.codechef.com/practice/course/basic-programming-concepts/DIFF500/problems/FLOW002,421
https://www.codechef.com/practice/course/basic-programming-concepts/DIFF500/problems/MANIPULATE,427
https://www.codechef.com/practice/course/basic-programming-concepts/DIFF500/problems/CMASKS,432
https://www.codechef.com/practice/course/basic-programming-concepts/DIFF500/problems/SPECIALITY,434
https://www.codechef.com/practice/course/basic-programming-concepts/DIFF500/problems/MAXIMUMSUBS,435
https://www.codechef.com/practice/course/basic-programming-concepts/DIFF500/problems/TVDISC,447
https://www.codechef.com/practice/course/basic-programming-concepts/DIFF500/problems/BROKENPHONE,451
https://www.codechef.com/practice/course/basic-programming-concepts/DIFF500/problems/TYRE,452
https://www.codechef.com/practice/course/basic-programming-concepts/DIFF500/problems/FLOW006,455
https://www.codechef.com/practice/course/basic-programming-concepts/DIFF500/problems/BUDGET_,456
https://www.codechef.com/practice/course/basic-programming-concepts/DIFF500/problems/CREDSCORE,459
https://www.codechef.com/practice/course/basic-programming-concepts/DIFF500/problems/FLOW004,461
https://www.codechef.com/practice/course/basic-programming-concepts/DIFF500/problems/INTEST,464
https://www.codechef.com/practice/course/basic-programming-concepts/DIFF500/problems/PRACTICEPERF,467
https://www.codechef.com/practice/course/basic-programming-concepts/DIFF500/problems/ASSIGNMNT,468
https://www.codechef.com/practice/course/basic-programming-concepts/DIFF500/problems/COURSEREG,470
https://www.codechef.com/practice/course/basic-programming-concepts/DIFF500/problems/INSURANCE,475
https://www.codechef.com/practice/course/basic-programming-concepts/DIFF500/problems/AIRLINES,475
https://www.codechef.com/practice/course/basic-programming-concepts/DIFF500/problems/INCRIQ,478
https://www.codechef.com/practice/course/basic-programming-concepts/DIFF500/problems/BATTERYLOW,479
https://www.codechef.com/practice/course/basic-programming-concepts/DIFF500/problems/BOBBANK,481
https://www.codechef.com/practice/course/basic-programming-concepts/DIFF500/problems/MANGOES,482
https://www.codechef.com/practice/course/basic-programming-concepts/DIFF500/problems/MONOPOLY,482
https://www.codechef.com/practice/course/basic-programming-concepts/DIFF500/problems/WATERFLOW,483
https://www.codechef.com/practice/course/basic-programming-concepts/DIFF500/problems/F1RULE,487
https://www.codechef.com/practice/course/basic-programming-concepts/DIFF500/problems/DOMINANT,488
https://www.codechef.com/practice/course/basic-programming-concepts/DIFF500/problems/SONGS,489
https://www.codechef.com/practice/course/basic-programming-concepts/DIFF500/problems/CHEFCHOCO,492
https://www.codechef.com/practice/course/basic-programming-concepts/DIFF500/problems/NETFLIX,493
https://www.codechef.com/practice/course/basic-programming-concepts/DIFF500/problems/CGYM,496
https://www.codechef.com/practice/course/logical-problems/DIFF800/problems/AVGPROBLEM,500
https://www.codechef.com/practice/course/logical-problems/DIFF800/problems/SUBSCRIBE_,504
https://www.codechef.com/practice/course/logical-problems/DIFF800/problems/JASSIGNMENTS,513
https://www.codechef.com/practice/course/logical-problems/DIFF800/problems/EXAMCHEF,519
https://www.codechef.com/practice/course/logical-problems/DIFF800/problems/OFFICE,532
https://www.codechef.com/practice/course/logical-problems/DIFF800/problems/AMR15A,533
https://www.codechef.com/practice/course/logical-problems/DIFF800/problems/CREDCOINS,539
https://www.codechef.com/practice/course/logical-problems/DIFF800/problems/WATERFILLING,541
https://www.codechef.com/practice/course/logical-problems/DIFF800/problems/SALESEASON,541
https://www.codechef.com/practice/course/logical-problems/DIFF800/problems/MINPIZZA,546
https://www.codechef.com/practice/course/logical-problems/DIFF800/problems/CHEFGAMES,550
https://www.codechef.com/practice/course/logical-problems/DIFF800/problems/EXPERT,561
https://www.codechef.com/practice/course/logical-problems/DIFF800/problems/HELIUM3,562
https://www.codechef.com/practice/course/logical-problems/DIFF800/problems/SUGARCANE,563
https://www.codechef.com/practice/course/logical-problems/DIFF800/problems/NOTEBOOK,563
https://www.codechef.com/practice/course/logical-problems/DIFF800/problems/CHEFCAND,570
https://www.codechef.com/practice/course/logical-problems/DIFF800/problems/TRAVELFAST,571
https://www.codechef.com/practice/course/logical-problems/DIFF800/problems/TRUESCORE,572
https://www.codechef.com/practice/course/logical-problems/DIFF800/problems/THREETOPICS,573
https://www.codechef.com/practice/course/logical-problems/DIFF800/problems/MONOPOLY2,578
https://www.codechef.com/practice/course/logical-problems/DIFF800/problems/TODOLIST,580
https://www.codechef.com/practice/course/logical-problems/DIFF800/problems/ACTEMP,584
https://www.codechef.com/practice/course/logical-problems/DIFF800/problems/NEARESTEXIT,585
https://www.codechef.com/practice/course/logical-problems/DIFF800/problems/FLOW007,588
https://www.codechef.com/practice/course/logical-problems/DIFF800/problems/SST,592
https://www.codechef.com/practice/course/logical-problems/DIFF800/problems/NIBBLE,593
https://www.codechef.com/practice/course/logical-problems/DIFF800/problems/QUALIFY,594
https://www.codechef.com/practice/course/logical-problems/DIFF800/problems/ELECTN,604
https://www.codechef.com/practice/course/logical-problems/DIFF800/problems/MINCARS,608
https://www.codechef.com/practice/course/logical-problems/DIFF800/problems/CHEFSCORE,610
https://www.codechef.com/practice/course/logical-problems/DIFF800/problems/JENGA,613
https://www.codechef.com/practice/course/logical-problems/DIFF800/problems/SEATNUMBER,613
https://www.codechef.com/practice/course/logical-problems/DIFF800/problems/DISCUS,622
https://www.codechef.com/practice/course/logical-problems/DIFF800/problems/MAXTASTE,627
https://www.codechef.com/practice/course/logical-problems/DIFF800/problems/MOVIE2X,628
https://www.codechef.com/practice/course/logical-problems/DIFF800/problems/POLTHIEF,639
https://www.codechef.com/practice/course/logical-problems/DIFF800/problems/FLIPCARDS,641
https://www.codechef.com/practice/course/logical-problems/DIFF800/problems/BATH,643
https://www.codechef.com/practice/course/logical-problems/DIFF800/problems/FINDSHOES,646
https://www.codechef.com/practice/course/logical-problems/DIFF800/problems/FCTRL2,648
https://www.codechef.com/practice/course/logical-problems/DIFF800/problems/TRANSFORM,649
https://www.codechef.com/practice/course/logical-problems/DIFF800/problems/BULLET,650
https://www.codechef.com/practice/course/logical-problems/DIFF800/problems/C_RATING,651
https://www.codechef.com/practice/course/logical-problems/DIFF800/problems/DNASTRAND,660
https://www.codechef.com/practice/course/logical-problems/DIFF800/problems/CHEFBOTTLE,662
https://www.codechef.com/practice/course/logical-problems/DIFF800/problems/CANDYDIST,668
https://www.codechef.com/practice/course/logical-problems/DIFF800/problems/FSQRT,668
https://www.codechef.com/practice/course/logical-problems/DIFF800/problems/LASTLEVELS,679
https://www.codechef.com/practice/course/logical-problems/DIFF800/problems/BLACKJACK,681
https://www.codechef.com/practice/course/logical-problems/DIFF800/problems/FILLCANDIES,681
https://www.codechef.com/practice/course/logical-problems/DIFF800/problems/XJUMP,686
https://www.codechef.com/practice/course/logical-problems/DIFF800/problems/CHESSDIST,690
https://www.codechef.com/practice/course/logical-problems/DIFF800/problems/VALENTINE,691
https://www.codechef.com/practice/course/logical-problems/DIFF800/problems/MYSERVE,691
https://www.codechef.com/practice/course/logical-problems/DIFF800/problems/WTRMIXING,694
https://www.codechef.com/practice/course/logical-problems/DIFF800/problems/WGHTS,697
https://www.codechef.com/practice/course/logical-problems/DIFF800/problems/CHEFAPPS,702
https://www.codechef.com/practice/course/logical-problems/DIFF800/problems/CHEFEREN,706
https://www.codechef.com/practice/course/logical-problems/DIFF800/problems/MINCOINS,711
https://www.codechef.com/practice/course/logical-problems/DIFF800/problems/SPCP2,712
https://www.codechef.com/practice/course/logical-problems/DIFF800/problems/SELFDEF,716
https://www.codechef.com/practice/course/logical-problems/DIFF800/problems/CRICUP,716
https://www.codechef.com/practice/course/logical-problems/DIFF800/problems/FLOORS,717
https://www.codechef.com/practice/course/logical-problems/DIFF800/problems/SPEEDTEST,718
https://www.codechef.com/practice/course/logical-problems/DIFF800/problems/DECINC,722
https://www.codechef.com/practice/course/logical-problems/DIFF800/problems/AORB,728
https://www.codechef.com/practice/course/logical-problems/DIFF800/problems/FLOW017,730
https://www.codechef.com/practice/course/logical-problems/DIFF800/problems/PASSORFAIL,730
https://www.codechef.com/practice/course/logical-problems/DIFF800/problems/CYCLICQD,735
https://www.codechef.com/practice/course/logical-problems/DIFF800/problems/POLYBAGS,738
https://www.codechef.com/practice/course/logical-problems/DIFF800/problems/FIZZBUZZ2303,739
https://www.codechef.com/practice/course/logical-problems/DIFF800/problems/BUILDINGRACE,739
https://www.codechef.com/practice/course/logical-problems/DIFF800/problems/CHEFRACES,745
https://www.codechef.com/practice/course/logical-problems/DIFF800/problems/MOZZ,752
https://www.codechef.com/practice/course/logical-problems/DIFF800/problems/PRESENTS,757
https://www.codechef.com/practice/course/logical-problems/DIFF800/problems/FLOW018,760
https://www.codechef.com/practice/course/logical-problems/DIFF800/problems/CHEAT,763
https://www.codechef.com/practice/course/logical-problems/DIFF800/problems/T20MCH,769
https://www.codechef.com/practice/course/logical-problems/DIFF800/problems/CHOPRT,770
https://www.codechef.com/practice/course/logical-problems/DIFF800/problems/CHN15A,777
https://www.codechef.com/practice/course/logical-problems/DIFF800/problems/REACHFAST,777
https://www.codechef.com/practice/course/logical-problems/DIFF800/problems/SINGLEUSE,777
https://www.codechef.com/practice/course/logical-problems/DIFF800/problems/SALE,778
https://www.codechef.com/practice/course/logical-problems/DIFF800/problems/MINFLIPS,781
https://www.codechef.com/practice/course/logical-problems/DIFF800/problems/BIN_BAT,786
https://www.codechef.com/practice/course/logical-problems/DIFF800/problems/DICEGAME2,789
https://www.codechef.com/practice/course/logical-problems/DIFF800/problems/TLG,790
https://www.codechef.com/practice/course/logical-problems/DIFF800/problems/DPOLY,793
https://www.codechef.com/practice/course/logical-problems/DIFF800/problems/RECENTCONT,793
https://www.codechef.com/practice/course/logical-problems/DIFF800/problems/PRB01,794
https://www.codechef.com/practice/course/logical-problems/DIFF800/problems/WATERCOOLER2,798
https://www.codechef.com/practice/course/1-star-difficulty-problems/DIFF1200/problems/EZSPEAK,1000
https://www.codechef.com/practice/course/1-star-difficulty-problems/DIFF1200/problems/ATM2,1001
https://www.codechef.com/practice/course/1-star-difficulty-problems/DIFF1200/problems/EXAMTIME,1006
https://www.codechef.com/practice/course/1-star-difficulty-problems/DIFF1200/problems/ADJSUMPAR,1013
https://www.codechef.com/practice/course/1-star-difficulty-problems/DIFF1200/problems/CNDY,1018
https://www.codechef.com/practice/course/1-star-difficulty-problems/DIFF1200/problems/DIET,1025
https://www.codechef.com/practice/course/1-star-difficulty-problems/DIFF1200/problems/BREAKSTICK,1026
https://www.codechef.com/practice/course/1-star-difficulty-problems/DIFF1200/problems/ENCMSG,1027
https://www.codechef.com/practice/course/1-star-difficulty-problems/DIFF1200/problems/CANDY123,1028
https://www.codechef.com/practice/course/1-star-difficulty-problems/DIFF1200/problems/ELECTIONS,1034
https://www.codechef.com/practice/course/1-star-difficulty-problems/DIFF1200/problems/CHEFSTLT,1036
https://www.codechef.com/practice/course/1-star-difficulty-problems/DIFF1200/problems/REMOVECARDS,1039
https://www.codechef.com/practice/course/1-star-difficulty-problems/DIFF1200/problems/EVENTUAL,1040
https://www.codechef.com/practice/course/1-star-difficulty-problems/DIFF1200/problems/ZEROSTRING,1042
https://www.codechef.com/practice/course/1-star-difficulty-problems/DIFF1200/problems/AIRLINE,1042
https://www.codechef.com/practice/course/1-star-difficulty-problems/DIFF1200/problems/ODDPAIRS,1044
https://www.codechef.com/practice/course/1-star-difficulty-problems/DIFF1200/problems/CHEFSTUD,1047
https://www.codechef.com/practice/course/1-star-difficulty-problems/DIFF1200/problems/ENDSORTED,1049
https://www.codechef.com/practice/course/1-star-difficulty-problems/DIFF1200/problems/PRIMEREVERSE,1053
https://www.codechef.com/practice/course/1-star-difficulty-problems/DIFF1200/problems/PIZZA_BURGER,1064
https://www.codechef.com/practice/course/1-star-difficulty-problems/DIFF1200/problems/MASKPOL,1064
https://www.codechef.com/practice/course/1-star-difficulty-problems/DIFF1200/problems/COUNTP,1065
https://www.codechef.com/practice/course/1-star-difficulty-problems/DIFF1200/problems/HEADBOB,1065
https://www.codechef.com/practice/course/1-star-difficulty-problems/DIFF1200/problems/PSEUDOSORT,1067
https://www.codechef.com/practice/course/1-star-difficulty-problems/DIFF1200/problems/PRIME1,1069
https://www.codechef.com/practice/course/1-star-difficulty-problems/DIFF1200/problems/EQUALIZEAB,1069
https://www.codechef.com/practice/course/1-star-difficulty-problems/DIFF1200/problems/THREEFR,1074
https://www.codechef.com/practice/course/1-star-difficulty-problems/DIFF1200/problems/QUEENATTACK,1076
https://www.codechef.com/practice/course/1-star-difficulty-problems/DIFF1200/problems/COVID_19,1077
https://www.codechef.com/practice/course/1-star-difficulty-problems/DIFF1200/problems/DIGSMPAR,1077
https://www.codechef.com/practice/course/1-star-difficulty-problems/DIFF1200/problems/MAGICHF,1088
https://www.codechef.com/practice/course/1-star-difficulty-problems/DIFF1200/problems/FARAWAY,1090
https://www.codechef.com/practice/course/1-star-difficulty-problems/DIFF1200/problems/GRPASSN,1092
https://www.codechef.com/practice/course/1-star-difficulty-problems/DIFF1200/problems/JOHNY,1093
https://www.codechef.com/practice/course/1-star-difficulty-problems/DIFF1200/problems/WATSCORE,1094
https://www.codechef.com/practice/course/1-star-difficulty-problems/DIFF1200/problems/CHEFSTR1,1094
https://www.codechef.com/practice/course/1-star-difficulty-problems/DIFF1200/problems/QTOO_2523,1095
https://www.codechef.com/practice/course/1-star-difficulty-problems/DIFF1200/problems/REMOVEBAD,1100
https://www.codechef.com/practice/course/1-star-difficulty-problems/DIFF1200/problems/MAKEMONEY,1101
https://www.codechef.com/practice/course/1-star-difficulty-problems/DIFF1200/problems/MSNSADM1,1102
https://www.codechef.com/practice/course/1-star-difficulty-problems/DIFF1200/problems/ABSTRING,1102
https://www.codechef.com/practice/course/1-star-difficulty-problems/DIFF1200/problems/CHEGLOVE,1104
https://www.codechef.com/practice/course/1-star-difficulty-problems/DIFF1200/problems/LAPTOPREC,1104
https://www.codechef.com/practice/course/1-star-difficulty-problems/DIFF1200/problems/PLAYSTR,1108
https://www.codechef.com/practice/course/1-star-difficulty-problems/DIFF1200/problems/EUREKA,1109
https://www.codechef.com/practice/course/1-star-difficulty-problems/DIFF1200/problems/CHEFSTEP,1110
https://www.codechef.com/practice/course/1-star-difficulty-problems/DIFF1200/problems/SRTARR,1112
https://www.codechef.com/practice/course/1-star-difficulty-problems/DIFF1200/problems/VOTERS,1114
https://www.codechef.com/practice/course/1-star-difficulty-problems/DIFF1200/problems/ALTSTR,1116
https://www.codechef.com/practice/course/1-star-difficulty-problems/DIFF1200/problems/TALAZY,1120
https://www.codechef.com/practice/course/1-star-difficulty-problems/DIFF1200/problems/POOK,1121
https://www.codechef.com/practice/course/1-star-difficulty-problems/DIFF1200/problems/CHEFCBA,1122
https://www.codechef.com/practice/course/1-star-difficulty-problems/DIFF1200/problems/STICKBREAK,1123
https://www.codechef.com/practice/course/1-star-difficulty-problems/DIFF1200/problems/KOL15A,1125
https://www.codechef.com/practice/course/1-star-difficulty-problems/DIFF1200/problems/CRDGAME,1125
https://www.codechef.com/practice/course/1-star-difficulty-problems/DIFF1200/problems/PETSTORE,1126
https://www.codechef.com/practice/course/1-star-difficulty-problems/DIFF1200/problems/MATPAN,1127
https://www.codechef.com/practice/course/1-star-difficulty-problems/DIFF1200/problems/VALIDMIN,1132
https://www.codechef.com/practice/course/1-star-difficulty-problems/DIFF1200/problems/RPD,1133
https://www.codechef.com/practice/course/1-star-difficulty-problems/DIFF1200/problems/DATATYPE,1133
https://www.codechef.com/practice/course/1-star-difficulty-problems/DIFF1200/problems/CONFLIP,1135
https://www.codechef.com/practice/course/1-star-difficulty-problems/DIFF1200/problems/CIELAB,1136
https://www.codechef.com/practice/course/1-star-difficulty-problems/DIFF1200/problems/AVGOF3,1141
https://www.codechef.com/practice/course/1-star-difficulty-problems/DIFF1200/problems/MAX_BIN,1143
https://www.codechef.com/practice/course/1-star-difficulty-problems/DIFF1200/problems/KNIGHT2,1144
https://www.codechef.com/practice/course/1-star-difficulty-problems/DIFF1200/problems/RECTANGL,1146
https://www.codechef.com/practice/course/1-star-difficulty-problems/DIFF1200/problems/DWNLD,1147
https://www.codechef.com/practice/course/1-star-difficulty-problems/DIFF1200/problems/POTATOES,1148
https://www.codechef.com/practice/course/1-star-difficulty-problems/DIFF1200/problems/MINMXOR,1154
https://www.codechef.com/practice/course/1-star-difficulty-problems/DIFF1200/problems/XLSQUARE,1160
https://www.codechef.com/practice/course/1-star-difficulty-problems/DIFF1200/problems/INFERNO,1162
https://www.codechef.com/practice/course/1-star-difficulty-problems/DIFF1200/problems/MAKEMULTIPLE,1163
https://www.codechef.com/practice/course/1-star-difficulty-problems/DIFF1200/problems/BALREV,1165
https://www.codechef.com/practice/course/1-star-difficulty-problems/DIFF1200/problems/CLIPLX,1167
https://www.codechef.com/practice/course/1-star-difficulty-problems/DIFF1200/problems/HOSTELROOM,1169
https://www.codechef.com/practice/course/1-star-difficulty-problems/DIFF1200/problems/CARDSWIPE,1172
https://www.codechef.com/practice/course/1-star-difficulty-problems/DIFF1200/problems/MOVIEWKN,1175
https://www.codechef.com/practice/course/1-star-difficulty-problems/DIFF1200/problems/GROUPS,1176
https://www.codechef.com/practice/course/1-star-difficulty-problems/DIFF1200/problems/POSPROD,1178
https://www.codechef.com/practice/course/1-star-difficulty-problems/DIFF1200/problems/MAXCOUNT,1180
https://www.codechef.com/practice/course/1-star-difficulty-problems/DIFF1200/problems/PERFCONT,1184
https://www.codechef.com/practice/course/1-star-difficulty-problems/DIFF1200/problems/DIVBYI,1184
https://www.codechef.com/practice/course/1-star-difficulty-problems/DIFF1200/problems/CHEFNWRK,1185
https://www.codechef.com/practice/course/1-star-difficulty-problems/DIFF1200/problems/BURGERS2,1187
https://www.codechef.com/practice/course/1-star-difficulty-problems/DIFF1200/problems/ANKTRAIN,1187
https://www.codechef.com/practice/course/1-star-difficulty-problems/DIFF1200/problems/BUY1GET1,1191
https://www.codechef.com/practice/course/1-star-difficulty-problems/DIFF1200/problems/CHEFZOT,1191
https://www.codechef.com/practice/course/1-star-difficulty-problems/DIFF1200/problems/ARRAYRET,1193
https://www.codechef.com/practice/course/1-star-difficulty-problems/DIFF1200/problems/PERMUTATION,1197
https://www.codechef.com/practice/course/1-star-difficulty-problems/DIFF1200/problems/ANUUND,1198
https://www.codechef.com/practice/course/1-star-difficulty-problems/DIFF1200/problems/TRACE,1198
https://www.codechef.com/practice/course/1-star-difficulty-problems/DIFF1400/problems/DSTAPLS,
https://www.codechef.com/practice/course/1-star-difficulty-problems/DIFF1400/problems/MISSSUMS,
https://www.codechef.com/practice/course/1-star-difficulty-problems/DIFF1400/problems/SUBARRY,
https://www.codechef.com/practice/course/1-star-difficulty-problems/DIFF1400/problems/CHEFING,
https://www.codechef.com/practice/course/1-star-difficulty-problems/DIFF1400/problems/MATDIF,
https://www.codechef.com/practice/course/1-star-difficulty-problems/DIFF1400/problems/NOTINCOM,
https://www.codechef.com/practice/course/1-star-difficulty-problems/DIFF1400/problems/CATSDOGS,
https://www.codechef.com/practice/course/1-star-difficulty-problems/DIFF1400/problems/HEIGHTS,
https://www.codechef.com/practice/course/1-star-difficulty-problems/DIFF1400/problems/MNMX,
https://www.codechef.com/practice/course/1-star-difficulty-problems/DIFF1400/problems/LOSTMAX,
https://www.codechef.com/practice/course/1-star-difficulty-problems/DIFF1400/problems/MAKEPAL2,
https://www.codechef.com/practice/course/1-star-difficulty-problems/DIFF1400/problems/DEPCHEF,
https://www.codechef.com/practice/course/2-star-difficulty-problems/DIFF1500/problems/AVGPERM,1401
https://www.codechef.com/practice/course/2-star-difficulty-problems/DIFF1500/problems/HOTEL,1405
https://www.codechef.com/practice/course/2-star-difficulty-problems/DIFF1500/problems/MTYFRI,1406
https://www.codechef.com/practice/course/2-star-difficulty-problems/DIFF1500/problems/ARRHALVES,1407
https://www.codechef.com/practice/course/2-star-difficulty-problems/DIFF1500/problems/CHFHEIST,1410
https://www.codechef.com/practice/course/2-star-difficulty-problems/DIFF1500/problems/PMA,1412
https://www.codechef.com/practice/course/2-star-difficulty-problems/DIFF1500/problems/STRAME,1413
https://www.codechef.com/practice/course/2-star-difficulty-problems/DIFF1500/problems/REMELEM,1415
https://www.codechef.com/practice/course/2-star-difficulty-problems/DIFF1500/problems/COLOUR,1415
https://www.codechef.com/practice/course/2-star-difficulty-problems/DIFF1500/problems/PLAYFIT,1419
https://www.codechef.com/practice/course/2-star-difficulty-problems/DIFF1500/problems/EQUALITY,1419
https://www.codechef.com/practice/course/2-star-difficulty-problems/DIFF1500/problems/DECREM,1423
https://www.codechef.com/practice/course/2-star-difficulty-problems/DIFF1500/problems/AVGARR,1424
https://www.codechef.com/practice/course/2-star-difficulty-problems/DIFF1500/problems/PLPROCESS,1425
https://www.codechef.com/practice/course/2-star-difficulty-problems/DIFF1500/problems/DIRECTI,1426
https://www.codechef.com/practice/course/2-star-difficulty-problems/DIFF1500/problems/PIPSQUIK,1426
https://www.codechef.com/practice/course/2-star-difficulty-problems/DIFF1500/problems/UNQEQ,1431
https://www.codechef.com/practice/course/2-star-difficulty-problems/DIFF1500/problems/MAXAGRY,1432
https://www.codechef.com/practice/course/2-star-difficulty-problems/DIFF1500/problems/PERMXORITY,1437
https://www.codechef.com/practice/course/2-star-difficulty-problems/DIFF1500/problems/CHEFDINE,1438
https://www.codechef.com/practice/course/2-star-difficulty-problems/DIFF1500/problems/HTMLTAGS,1441
https://www.codechef.com/practice/course/2-star-difficulty-problems/DIFF1500/problems/CHCOINSG,1442
https://www.codechef.com/practice/course/2-star-difficulty-problems/DIFF1500/problems/MAKEARRAYODD,1445
https://www.codechef.com/practice/course/2-star-difficulty-problems/DIFF1500/problems/CUTPIZ,1446
https://www.codechef.com/practice/course/2-star-difficulty-problems/DIFF1500/problems/FLAGS,1446
https://www.codechef.com/practice/course/2-star-difficulty-problems/DIFF1500/problems/SMOKE,1450
https://www.codechef.com/practice/course/2-star-difficulty-problems/DIFF1500/problems/SOD3,1459
https://www.codechef.com/practice/course/2-star-difficulty-problems/DIFF1500/problems/TRIANGCL,1462
https://www.codechef.com/practice/course/2-star-difficulty-problems/DIFF1500/problems/CHEFADV,1462
https://www.codechef.com/practice/course/2-star-difficulty-problems/DIFF1500/problems/MKGPLNKS,1467
https://www.codechef.com/practice/course/2-star-difficulty-problems/DIFF1500/problems/APPROX2,1471
https://www.codechef.com/practice/course/2-star-difficulty-problems/DIFF1500/problems/MGCSET,1472
https://www.codechef.com/practice/course/2-star-difficulty-problems/DIFF1500/problems/CHDOGS,1473
https://www.codechef.com/practice/course/2-star-difficulty-problems/DIFF1500/problems/XOR_ORDER,1476
https://www.codechef.com/practice/course/2-star-difficulty-problems/DIFF1500/problems/CHEFFED,1477
https://www.codechef.com/practice/course/2-star-difficulty-problems/DIFF1500/problems/VEGETA,1477
https://www.codechef.com/practice/course/2-star-difficulty-problems/DIFF1500/problems/ONOZ,1482
https://www.codechef.com/practice/course/2-star-difficulty-problems/DIFF1500/problems/ALTERNATEDIV,1483
https://www.codechef.com/practice/course/2-star-difficulty-problems/DIFF1500/problems/JOGGING,1484
https://www.codechef.com/practice/course/2-star-difficulty-problems/DIFF1500/problems/CORTSENT,1485
https://www.codechef.com/practice/course/2-star-difficulty-problems/DIFF1500/problems/CHEFODD,1486
https://www.codechef.com/practice/course/2-star-difficulty-problems/DIFF1500/problems/MAKEPAL,1486
https://www.codechef.com/practice/course/2-star-difficulty-problems/DIFF1500/problems/IRSTXOR,1487
https://www.codechef.com/practice/course/2-star-difficulty-problems/DIFF1500/problems/CAOS1,1488
https://www.codechef.com/practice/course/2-star-difficulty-problems/DIFF1500/problems/ANTIPALINDR,1488
https://www.codechef.com/practice/course/2-star-difficulty-problems/DIFF1500/problems/CO92SUBW,1493
https://www.codechef.com/practice/course/2-star-difficulty-problems/DIFF1500/problems/HHAL,1495
https://www.codechef.com/practice/course/2-star-difficulty-problems/DIFF1500/problems/N1VALUES,1495
https://www.codechef.com/practice/course/2-star-difficulty-problems/DIFF1500/problems/GCDSUBARRAYS,1498
https://www.codechef.com/practice/course/2-star-difficulty-problems/DIFF1500/problems/TOTCRT,1499
https://www.codechef.com/practice/course/3-star-difficulty-problems/DIFF1700/problems/ODDSUM,1600
https://www.codechef.com/practice/course/3-star-difficulty-problems/DIFF1700/problems/CHFINVNT,1607
https://www.codechef.com/practice/course/3-star-difficulty-problems/DIFF1700/problems/DONUTS,1611
https://www.codechef.com/practice/course/3-star-difficulty-problems/DIFF1700/problems/XOR2,1611
https://www.codechef.com/practice/course/3-star-difficulty-problems/DIFF1700/problems/BENCHP,1611
https://www.codechef.com/practice/course/3-star-difficulty-problems/DIFF1700/problems/DIFSTR,1612
https://www.codechef.com/practice/course/3-star-difficulty-problems/DIFF1700/problems/MAXSUBARR,1613
https://www.codechef.com/practice/course/3-star-difficulty-problems/DIFF1700/problems/CHEARMY,1613
https://www.codechef.com/practice/course/3-star-difficulty-problems/DIFF1700/problems/SURVIVE,1616
https://www.codechef.com/practice/course/3-star-difficulty-problems/DIFF1700/problems/GCDPRF,1617
https://www.codechef.com/practice/course/3-star-difficulty-problems/DIFF1700/problems/MAXEDGES,1618
https://www.codechef.com/practice/course/3-star-difficulty-problems/DIFF1700/problems/IOPC17C,1621
https://www.codechef.com/practice/course/3-star-difficulty-problems/DIFF1700/problems/CONSTRRAY,1624
https://www.codechef.com/practice/course/3-star-difficulty-problems/DIFF1700/problems/ZEBRA,1626
https://www.codechef.com/practice/course/3-star-difficulty-problems/DIFF1700/problems/UCL,1633
https://www.codechef.com/practice/course/3-star-difficulty-problems/DIFF1700/problems/BITTUP,1634
https://www.codechef.com/practice/course/3-star-difficulty-problems/DIFF1700/problems/SMALLXOR,1635
https://www.codechef.com/practice/course/3-star-difficulty-problems/DIFF1700/problems/CONCATSORT,1637
https://www.codechef.com/practice/course/3-star-difficulty-problems/DIFF1700/problems/CHARGES,1645
https://www.codechef.com/practice/course/3-star-difficulty-problems/DIFF1700/problems/CHEFINSQ,1646
https://www.codechef.com/practice/course/3-star-difficulty-problems/DIFF1700/problems/RANGEASSIGN,1648
https://www.codechef.com/practice/course/3-star-difficulty-problems/DIFF1700/problems/PERMPAL,1651
https://www.codechef.com/practice/course/3-star-difficulty-problems/DIFF1700/problems/FIND_X,1651
https://www.codechef.com/practice/course/3-star-difficulty-problems/DIFF1700/problems/FREQARRRET,1654
https://www.codechef.com/practice/course/3-star-difficulty-problems/DIFF1700/problems/ORMATRIX,1656
https://www.codechef.com/practice/course/3-star-difficulty-problems/DIFF1700/problems/FIRESC,1671
https://www.codechef.com/practice/course/3-star-difficulty-problems/DIFF1700/problems/THREENUMBERS,1675
https://www.codechef.com/practice/course/3-star-difficulty-problems/DIFF1700/problems/CHEFCAR,1683
https://www.codechef.com/practice/course/3-star-difficulty-problems/DIFF1700/problems/VOWMTRX,1694
https://www.codechef.com/practice/course/3-star-difficulty-problems/DIFF1700/problems/FENCE,1696
https://www.codechef.com/practice/course/3-star-difficulty-problems/DIFF1800/problems/XORMUL,
https://www.codechef.com/practice/course/3-star-difficulty-problems/DIFF1800/problems/PBATTLE,
https://www.codechef.com/practice/course/3-star-difficulty-problems/DIFF1800/problems/WEIRDSUBARR,
https://www.codechef.com/practice/course/3-star-difficulty-problems/DIFF1800/problems/FAIR_DISTRIB,
https://www.codechef.com/practice/course/3-star-difficulty-problems/DIFF1800/problems/GCDMOD,
https://www.codechef.com/practice/course/3-star-difficulty-problems/DIFF1800/problems/ARMTRN,
https://www.codechef.com/practice/course/3-star-difficulty-problems/DIFF1800/problems/ONEKING,
https://www.codechef.com/practice/course/3-star-difficulty-problems/DIFF1800/problems/LUCKPAL,
https://www.codechef.com/practice/course/3-star-difficulty-problems/DIFF1800/problems/NCOPIES,
https://www.codechef.com/practice/course/3-star-difficulty-problems/DIFF1800/problems/KFUNC,
https://www.codechef.com/practice/course/3-star-difficulty-problems/DIFF1800/problems/MAX01EVSWP,
https://www.codechef.com/practice/course/3-star-difficulty-problems/DIFF1800/problems/EOOPR,
https://www.codechef.com/practice/course/3-star-difficulty-problems/DIFF1800/problems/FIZZBUZZ2306,
https://www.codechef.com/practice/course/3-star-difficulty-problems/DIFF1800/problems/CHRL2,
https://www.codechef.com/practice/course/3-star-difficulty-problems/DIFF1800/problems/ICL1903,
https://www.codechef.com/practice/course/3-star-difficulty-problems/DIFF1800/problems/DIGITREM,
https://www.codechef.com/practice/course/3-star-difficulty-problems/DIFF1800/problems/ABREPEAT,
https://www.codechef.com/practice/course/3-star-difficulty-problems/DIFF1800/problems/STRCOMPARE,
https://www.codechef.com/practice/course/3-star-difficulty-problems/DIFF1800/problems/SUB_XOR,
https://www.codechef.com/practice/course/3-star-difficulty-problems/DIFF1800/problems/PREFIXFLIP,
https://www.codechef.com/practice/course/3-star-difficulty-problems/DIFF1800/problems/MINNOTES,
https://www.codechef.com/practice/course/3-star-difficulty-problems/DIFF1800/problems/RACINGEN,
https://www.codechef.com/practice/course/3-star-difficulty-problems/DIFF1800/problems/LEBAMBOO,
https://www.codechef.com/practice/course/3-star-difficulty-problems/DIFF1800/problems/DISTELE,
https://www.codechef.com/practice/course/3-star-difficulty-problems/DIFF1800/problems/CHEFELEC,
https://www.codechef.com/practice/course/3-star-difficulty-problems/DIFF1800/problems/RECTCNT,
https://www.codechef.com/practice/course/3-star-difficulty-problems/DIFF1800/problems/CAB,
https://www.codechef.com/practice/course/3-star-difficulty-problems/DIFF1800/problems/BRKNLIFE,
https://www.codechef.com/practice/course/3-star-difficulty-problems/DIFF1800/problems/SUMQ,
https://www.codechef.com/practice/course/3-star-difficulty-problems/DIFF1800/problems/LUNCHTIM,
https://www.codechef.com/practice/course/3-star-difficulty-problems/DIFF1800/problems/PCJ18C,
https://www.codechef.com/practice/course/3-star-difficulty-problems/DIFF1800/problems/MONKS,
https://www.codechef.com/practice/course/3-star-difficulty-problems/DIFF1800/problems/PALPALS,
https://www.codechef.com/practice/course/3-star-difficulty-problems/DIFF1800/problems/BIN_OD,
https://www.codechef.com/practice/course/3-star-difficulty-problems/DIFF1800/problems/KCON,
https://www.codechef.com/practice/course/3-star-difficulty-problems/DIFF1800/problems/CAPIMOVE,
https://www.codechef.com/practice/course/3-star-difficulty-problems/DIFF1800/problems/ZEROONE,
https://www.codechef.com/practice/course/3-star-difficulty-problems/DIFF1800/problems/SET402,
https://www.codechef.com/practice/course/3-star-difficulty-problems/DIFF1800/problems/SET302,
https://www.codechef.com/practice/course/3-star-difficulty-problems/DIFF1800/problems/KLXOR,
https://www.codechef.com/practice/course/3-star-difficulty-problems/DIFF1800/problems/ARTBALAN,
https://www.codechef.com/practice/course/3-star-difficulty-problems/DIFF1800/problems/ABX01,
https://www.codechef.com/practice/course/3-star-difficulty-problems/DIFF1800/problems/PREZ,
https://www.codechef.com/practice/course/3-star-difficulty-problems/DIFF1800/problems/CHEFHAM,
https://www.codechef.com/practice/course/3-star-difficulty-problems/DIFF1800/problems/SVRT,
https://www.codechef.com/practice/course/3-star-difficulty-problems/DIFF1800/problems/STR_REVERSE,
https://www.codechef.com/practice/course/3-star-difficulty-problems/DIFF1800/problems/TAAPLUSB,
https://www.codechef.com/practice/course/3-star-difficulty-problems/DIFF1800/problems/BWALL,
https://www.codechef.com/practice/course/3-star-difficulty-problems/DIFF1800/problems/DIGITOP,
https://www.codechef.com/practice/course/4-star-difficulty-problems/DIFF1900/problems/BTAR,1800
https://www.codechef.com/practice/course/4-star-difficulty-problems/DIFF1900/problems/MAGNETSORT,1804
https://www.codechef.com/practice/course/4-star-difficulty-problems/DIFF1900/problems/S07E09,1804
https://www.codechef.com/practice/course/4-star-difficulty-problems/DIFF1900/problems/SEGDIV,1806
https://www.codechef.com/practice/course/4-star-difficulty-problems/DIFF1900/problems/PEPPERON,1810
https://www.codechef.com/practice/course/4-star-difficulty-problems/DIFF1900/problems/ICL1901,1810
https://www.codechef.com/practice/course/4-star-difficulty-problems/DIFF1900/problems/JOKRBTMN,1816
https://www.codechef.com/practice/course/4-star-difficulty-problems/DIFF1900/problems/KAVGMAT,1817
https://www.codechef.com/practice/course/4-star-difficulty-problems/DIFF1900/problems/EANDO,1817
https://www.codechef.com/practice/course/4-star-difficulty-problems/DIFF1900/problems/ARRT,1818
https://www.codechef.com/practice/course/4-star-difficulty-problems/DIFF1900/problems/CLFIBD,1819
https://www.codechef.com/practice/course/4-star-difficulty-problems/DIFF1900/problems/OROFAND,1820
https://www.codechef.com/practice/course/4-star-difficulty-problems/DIFF1900/problems/GOODPERM,1823
https://www.codechef.com/practice/course/4-star-difficulty-problems/DIFF1900/problems/ADJXOR2,1827
https://www.codechef.com/practice/course/4-star-difficulty-problems/DIFF1900/problems/MINVOTE,1830
https://www.codechef.com/practice/course/4-star-difficulty-problems/DIFF1900/problems/BLIMP,1831
https://www.codechef.com/practice/course/4-star-difficulty-problems/DIFF1900/problems/NOKIA,1831
https://www.codechef.com/practice/course/4-star-difficulty-problems/DIFF1900/problems/AFLIP,1835
https://www.codechef.com/practice/course/4-star-difficulty-problems/DIFF1900/problems/MINABS,1836
https://www.codechef.com/practice/course/4-star-difficulty-problems/DIFF1900/problems/BINMIS,1836
https://www.codechef.com/practice/course/4-star-difficulty-problems/DIFF1900/problems/FINDABC,1843
https://www.codechef.com/practice/course/4-star-difficulty-problems/DIFF1900/problems/XORPROD,1845
https://www.codechef.com/practice/course/4-star-difficulty-problems/DIFF1900/problems/CHEFRRUN,1847
https://www.codechef.com/practice/course/4-star-difficulty-problems/DIFF1900/problems/EQLIS,1848
https://www.codechef.com/practice/course/4-star-difficulty-problems/DIFF1900/problems/DIVREC,1848
https://www.codechef.com/practice/course/4-star-difficulty-problems/DIFF1900/problems/RRATING,1851
https://www.codechef.com/practice/course/4-star-difficulty-problems/DIFF1900/problems/COLGLF4,1856
https://www.codechef.com/practice/course/4-star-difficulty-problems/DIFF1900/problems/PYTHAGORAS,1862
https://www.codechef.com/practice/course/4-star-difficulty-problems/DIFF1900/problems/MINDSUM,1862
https://www.codechef.com/practice/course/4-star-difficulty-problems/DIFF1900/problems/MATXOR,1864
https://www.codechef.com/practice/course/4-star-difficulty-problems/DIFF1900/problems/BININV,1865
https://www.codechef.com/practice/course/4-star-difficulty-problems/DIFF1900/problems/TRIPLETMIN,1868
https://www.codechef.com/practice/course/4-star-difficulty-problems/DIFF1900/problems/SWAPNUM31,1869
https://www.codechef.com/practice/course/4-star-difficulty-problems/DIFF1900/problems/ATAT,1870
https://www.codechef.com/practice/course/4-star-difficulty-problems/DIFF1900/problems/MAXSUMPERM,1873
https://www.codechef.com/practice/course/4-star-difficulty-problems/DIFF1900/problems/EQUALHAMMING,1873
https://www.codechef.com/practice/course/4-star-difficulty-problems/DIFF1900/problems/PERMEX,1874
https://www.codechef.com/practice/course/4-star-difficulty-problems/DIFF1900/problems/ALT,1878
https://www.codechef.com/practice/course/4-star-difficulty-problems/DIFF1900/problems/DUMBLEDORE,1885
https://www.codechef.com/practice/course/4-star-difficulty-problems/DIFF1900/problems/ARRFILL,1887
https://www.codechef.com/practice/course/4-star-difficulty-problems/DIFF1900/problems/JS,1888
https://www.codechef.com/practice/course/4-star-difficulty-problems/DIFF1900/problems/NUMCOMP1,1893
https://www.codechef.com/practice/course/4-star-difficulty-problems/DIFF1900/problems/CHEFSHIP,1894
https://www.codechef.com/practice/course/4-star-difficulty-problems/DIFF1900/problems/TREECLR,1898
https://www.codechef.com/practice/course/5-star-and-above-problems/DIFF2500/problems/MXFACS,2006
https://www.codechef.com/practice/course/5-star-and-above-problems/DIFF2500/problems/ELWINTER,2007
https://www.codechef.com/practice/course/5-star-and-above-problems/DIFF2500/problems/REMSUBARR,2007
https://www.codechef.com/practice/course/5-star-and-above-problems/DIFF2500/problems/ALTSUFF,2011
https://www.codechef.com/practice/course/5-star-and-above-problems/DIFF2500/problems/ROPASCI,2013
https://www.codechef.com/practice/course/5-star-and-above-problems/DIFF2500/problems/PALIXOR,2014
https://www.codechef.com/practice/course/5-star-and-above-problems/DIFF2500/problems/DISTK,2015
https://www.codechef.com/practice/course/5-star-and-above-problems/DIFF2500/problems/PRIMEFACDIV,2016
https://www.codechef.com/practice/course/5-star-and-above-problems/DIFF2500/problems/QNUMBER,2026
https://www.codechef.com/practice/course/5-star-and-above-problems/DIFF2500/problems/MAXANDOR,2028
https://www.codechef.com/practice/course/5-star-and-above-problems/DIFF2500/problems/NOSEQ,2031
https://www.codechef.com/practice/course/5-star-and-above-problems/DIFF2500/problems/GOLMINE,2033
https://www.codechef.com/practice/course/5-star-and-above-problems/DIFF2500/problems/CONSADD,2038
https://www.codechef.com/practice/course/5-star-and-above-problems/DIFF2500/problems/KPAL,2038
https://www.codechef.com/practice/course/5-star-and-above-problems/DIFF2500/problems/SYMARRSWAP,2041
https://www.codechef.com/practice/course/5-star-and-above-problems/DIFF2500/problems/MOUNTAIN,2047
https://www.codechef.com/practice/course/5-star-and-above-problems/DIFF2500/problems/NOPALINDROME,2054
https://www.codechef.com/practice/course/5-star-and-above-problems/DIFF2500/problems/MAXREMOV,2057
https://www.codechef.com/practice/course/5-star-and-above-problems/DIFF2500/problems/SPCP6,2062
https://www.codechef.com/practice/course/5-star-and-above-problems/DIFF2500/problems/PARPER,2066
https://www.codechef.com/practice/course/5-star-and-above-problems/DIFF2500/problems/AGCY,2072
https://www.codechef.com/practice/course/5-star-and-above-problems/DIFF2500/problems/BURGER,2072
https://www.codechef.com/practice/course/5-star-and-above-problems/DIFF2500/problems/SUMARRAY,2077
https://www.codechef.com/practice/course/5-star-and-above-problems/DIFF2500/problems/EQUIVALENT,2087
https://www.codechef.com/practice/course/5-star-and-above-problems/DIFF2500/problems/SEGTHREE,2089
https://www.codechef.com/practice/course/5-star-and-above-problems/DIFF2500/problems/FPE,2094
https://www.codechef.com/practice/course/5-star-and-above-problems/DIFF2500/problems/RECHEND,2095
https://www.codechef.com/practice/course/5-star-and-above-problems/DIFF2500/problems/TRPTSTIC,2095
https://www.codechef.com/practice/course/5-star-and-above-problems/DIFF2500/problems/LCMMANIA,2098
https://www.codechef.com/practice/course/5-star-and-above-problems/DIFF2500/problems/SUBARRAYXOR,2101
https://www.codechef.com/practice/course/5-star-and-above-problems/DIFF2500/problems/MAJIK,2105
https://www.codechef.com/practice/course/5-star-and-above-problems/DIFF2500/problems/TRAVELLING,2108
https://www.codechef.com/practice/course/5-star-and-above-problems/DIFF2500/problems/MAXIMALEXP,2127
https://www.codechef.com/practice/course/5-star-and-above-problems/DIFF2500/problems/INTARR,2145
https://www.codechef.com/practice/course/5-star-and-above-problems/DIFF2500/problems/MAXVAC,2147
https://www.codechef.com/practice/course/5-star-and-above-problems/DIFF2500/problems/SQRTCBRT,2150
https://www.codechef.com/practice/course/5-star-and-above-problems/DIFF2500/problems/LEXILARGEST,2151
https://www.codechef.com/practice/course/5-star-and-above-problems/DIFF2500/problems/AWESUM_OR,2152
https://www.codechef.com/practice/course/5-star-and-above-problems/DIFF2500/problems/MUSROD,2160
https://www.codechef.com/practice/course/5-star-and-above-problems/DIFF2500/problems/SUBSBIN,2161
https://www.codechef.com/practice/course/5-star-and-above-problems/DIFF2500/problems/CHEFSHOPPING,2164
https://www.codechef.com/practice/course/5-star-and-above-problems/DIFF2500/problems/DIVBY3,2164
https://www.codechef.com/practice/course/5-star-and-above-problems/DIFF2500/problems/SEQGOODNESS,2167
https://www.codechef.com/practice/course/5-star-and-above-problems/DIFF2500/problems/MINIMUMOP,2170
https://www.codechef.com/practice/course/5-star-and-above-problems/DIFF2500/problems/CCD,2171
https://www.codechef.com/practice/course/5-star-and-above-problems/DIFF2500/problems/EXPVALUE,2177
https://www.codechef.com/practice/course/5-star-and-above-problems/DIFF2500/problems/CENS20A,2179
https://www.codechef.com/practice/course/5-star-and-above-problems/DIFF2500/problems/SSO,2181
https://www.codechef.com/practice/course/5-star-and-above-problems/DIFF2500/problems/DLTNODE,2190
https://www.codechef.com/practice/course/5-star-and-above-problems/DIFF2500/problems/MEXYARR,2190
https://www.codechef.com/practice/course/5-star-and-above-problems/DIFF2500/problems/VSTRING,2194
https://www.codechef.com/practice/course/5-star-and-above-problems/DIFF2500/problems/PYRAMIDMOVES,2194
https://www.codechef.com/practice/course/5-star-and-above-problems/DIFF2500/problems/CHINSM,2197
https://www.codechef.com/practice/course/5-star-and-above-problems/DIFF2500/problems/PARPERM,2202
https://www.codechef.com/practice/course/5-star-and-above-problems/DIFF2500/problems/ICM2003,2206
https://www.codechef.com/practice/course/5-star-and-above-problems/DIFF2500/problems/CIRMERGE,2208
https://www.codechef.com/practice/course/5-star-and-above-problems/DIFF2500/problems/ANUMLA,2212
https://www.codechef.com/practice/course/5-star-and-above-problems/DIFF2500/problems/STROPERS,2220
https://www.codechef.com/practice/course/5-star-and-above-problems/DIFF2500/problems/DIANE,2221
https://www.codechef.com/practice/course/5-star-and-above-problems/DIFF2500/problems/COPAR,2235
https://www.codechef.com/practice/course/5-star-and-above-problems/DIFF2500/problems/EXISTENCEOFX,2235
https://www.codechef.com/practice/course/5-star-and-above-problems/DIFF2500/problems/DIST_VALS,2236
https://www.codechef.com/practice/course/5-star-and-above-problems/DIFF2500/problems/TSHIRTS,2242
https://www.codechef.com/practice/course/5-star-and-above-problems/DIFF2500/problems/ANTSCHEF,2244
https://www.codechef.com/practice/course/5-star-and-above-problems/DIFF2500/problems/ALIKE_THEM,2245
https://www.codechef.com/practice/course/5-star-and-above-problems/DIFF2500/problems/INTREP,2251
https://www.codechef.com/practice/course/5-star-and-above-problems/DIFF2500/problems/MAX1S,2255
https://www.codechef.com/practice/course/5-star-and-above-problems/DIFF2500/problems/SUMOFCUBE,2259
https://www.codechef.com/practice/course/5-star-and-above-problems/DIFF2500/problems/KSUM,2260
https://www.codechef.com/practice/course/5-star-and-above-problems/DIFF2500/problems/ABCSTR,2264
https://www.codechef.com/practice/course/5-star-and-above-problems/DIFF2500/problems/ASHIGIFT,2265
https://www.codechef.com/practice/course/5-star-and-above-problems/DIFF2500/problems/LONGESTARRAY,2267
https://www.codechef.com/practice/course/5-star-and-above-problems/DIFF2500/problems/ASH57,2271
https://www.codechef.com/practice/course/5-star-and-above-problems/DIFF2500/problems/CS2023_404,2296
https://www.codechef.com/practice/course/5-star-and-above-problems/DIFF2500/problems/ALTDIA,2300
https://www.codechef.com/practice/course/5-star-and-above-problems/DIFF2500/problems/SPOOKYSEQ,2304
https://www.codechef.com/practice/course/5-star-and-above-problems/DIFF2500/problems/SUMXOR2,2306
https://www.codechef.com/practice/course/5-star-and-above-problems/DIFF2500/problems/CHESUB,2306
https://www.codechef.com/practice/course/5-star-and-above-problems/DIFF2500/problems/CHEFFFUNC,2316
https://www.codechef.com/practice/course/5-star-and-above-problems/DIFF2500/problems/MERGEBS,2318
https://www.codechef.com/practice/course/5-star-and-above-problems/DIFF2500/problems/REDGREEN,2319
https://www.codechef.com/practice/course/5-star-and-above-problems/DIFF2500/problems/MAKEPAL3,2322
https://www.codechef.com/practice/course/5-star-and-above-problems/DIFF2500/problems/SWAPGAME,2323
https://www.codechef.com/practice/course/5-star-and-above-problems/DIFF2500/problems/ABROADS,2324
https://www.codechef.com/practice/course/5-star-and-above-problems/DIFF2500/problems/SIMPLEARRAY,2326
https://www.codechef.com/practice/course/5-star-and-above-problems/DIFF2500/problems/CHEFQUE,2327
https://www.codechef.com/practice/course/5-star-and-above-problems/DIFF2500/problems/CANDIES3,2329
https://www.codechef.com/practice/course/5-star-and-above-problems/DIFF2500/problems/SPLITMIN,2347
https://www.codechef.com/practice/course/5-star-and-above-problems/DIFF2500/problems/KEEPOUT,2347
https://www.codechef.com/practice/course/5-star-and-above-problems/DIFF2500/problems/SPTREE,2350
https://www.codechef.com/practice/course/5-star-and-above-problems/DIFF2500/problems/TWOAVG,2353
https://www.codechef.com/practice/course/5-star-and-above-problems/DIFF2500/problems/RIFFLES,2360
https://www.codechef.com/practice/course/5-star-and-above-problems/DIFF2500/problems/CHANDWEIGHT,2368
https://www.codechef.com/practice/course/5-star-and-above-problems/DIFF2500/problems/CLASSES,2379
https://www.codechef.com/practice/course/5-star-and-above-problems/DIFF2500/problems/TDISTS,2383
https://www.codechef.com/practice/course/5-star-and-above-problems/DIFF2500/problems/WRDVLS,2393
https://www.codechef.com/practice/course/5-star-and-above-problems/DIFF2500/problems/CNCTCT,2417
https://www.codechef.com/practice/course/5-star-and-above-problems/DIFF2500/problems/CONSTANARRAY,2419
https://www.codechef.com/practice/course/5-star-and-above-problems/DIFF2500/problems/ONEORALL,2420
https://www.codechef.com/practice/course/5-star-and-above-problems/DIFF2500/problems/SMALLESTDIFF,2421
https://www.codechef.com/practice/course/5-star-and-above-problems/DIFF2500/problems/GCD_QUERIES,2422
https://www.codechef.com/practice/course/5-star-and-above-problems/DIFF2500/problems/TWOCOUNTERS,2425
https://www.codechef.com/practice/course/5-star-and-above-problems/DIFF2500/problems/ADJFLIP,2426
https://www.codechef.com/practice/course/5-star-and-above-problems/DIFF2500/problems/MAXCYCSHIFT,2444
https://www.codechef.com/practice/course/5-star-and-above-problems/DIFF2500/problems/BALSUFF,2447
https://www.codechef.com/practice/course/5-star-and-above-problems/DIFF2500/problems/GSEQ,2451
https://www.codechef.com/practice/course/5-star-and-above-problems/DIFF2500/problems/DEQUEUE,2463
https://www.codechef.com/practice/course/5-star-and-above-problems/DIFF2500/problems/SQUAR,2470
https://www.codechef.com/practice/course/5-star-and-above-problems/DIFF2500/problems/MEXSUB,2494
https://www.codechef.com/practice/course/5-star-and-above-problems/DIFF2500/problems/CHEF7UP,2494
https://www.codechef.com/practice/course/5-star-and-above-problems/DIFF2500/problems/EXPECTEDSUM,2495
